"Designator","Center-X(mm)","Center-Y(mm)","Layer","Rotation"
"U2","175.1000mm","10.5875mm","BottomLayer","180"
"U54","146.0000mm","7.0000mm","BottomLayer","0"
"U53","127.0000mm","7.0000mm","BottomLayer","0"
"U52","127.0000mm","36.0000mm","BottomLayer","180"
"U51","146.0000mm","36.0000mm","BottomLayer","180"
"U50","68.0000mm","7.0000mm","BottomLayer","0"
"U49","49.0000mm","7.0000mm","BottomLayer","0"
"U48","49.0000mm","36.0000mm","BottomLayer","180"
"U47","68.0000mm","36.0000mm","BottomLayer","180"
"U46","146.0000mm","50.0000mm","BottomLayer","0"
"U45","127.0000mm","50.0000mm","BottomLayer","0"
"U44","127.0000mm","79.0000mm","BottomLayer","180"
"U43","146.0000mm","79.0000mm","BottomLayer","180"
"U42","107.0000mm","50.0000mm","BottomLayer","0"
"U41","88.0000mm","50.0000mm","BottomLayer","0"
"U40","88.0000mm","79.0000mm","BottomLayer","180"
"U39","107.0000mm","79.0000mm","BottomLayer","180"
"U38","29.0000mm","50.0000mm","BottomLayer","0"
"U37","10.0000mm","50.0000mm","BottomLayer","0"
"U36","10.0000mm","79.0000mm","BottomLayer","180"
"U35","29.0000mm","79.0000mm","BottomLayer","180"
"U34","107.0000mm","93.0000mm","BottomLayer","0"
"U33","88.0000mm","93.0000mm","BottomLayer","0"
"U32","88.0000mm","122.0000mm","BottomLayer","180"
"U31","107.0000mm","122.0000mm","BottomLayer","180"
"U30","107.0000mm","7.0000mm","BottomLayer","0"
"U29","88.0000mm","7.0000mm","BottomLayer","0"
"U28","88.0000mm","36.0000mm","BottomLayer","180"
"U27","107.0000mm","36.0000mm","BottomLayer","180"
"U26","29.0000mm","7.0000mm","BottomLayer","0"
"U25","10.0000mm","7.0000mm","BottomLayer","0"
"U24","10.0000mm","36.0000mm","BottomLayer","180"
"U23","29.0000mm","36.0000mm","BottomLayer","180"
"U22","68.0000mm","50.0000mm","BottomLayer","0"
"U21","49.0000mm","50.0000mm","BottomLayer","0"
"U20","49.0000mm","79.0000mm","BottomLayer","180"
"U19","68.0000mm","79.0000mm","BottomLayer","180"
"U18","146.0000mm","93.0000mm","BottomLayer","0"
"U17","127.0000mm","93.0000mm","BottomLayer","0"
"U16","127.0000mm","122.0000mm","BottomLayer","180"
"U15","146.0000mm","122.0000mm","BottomLayer","180"
"U14","68.0000mm","93.0000mm","BottomLayer","0"
"U13","49.0000mm","93.0000mm","BottomLayer","0"
"U12","49.0000mm","122.0000mm","BottomLayer","180"
"U11","68.0000mm","122.0000mm","BottomLayer","180"
"U10","192.6000mm","37.4000mm","BottomLayer","90"
"U9","182.3000mm","37.4000mm","BottomLayer","90"
"U8","172.0000mm","37.4000mm","BottomLayer","90"
"U7","161.7000mm","37.4000mm","BottomLayer","90"
"R416","132.3750mm","14.2500mm","BottomLayer","0"
"R415","127.3750mm","14.2500mm","BottomLayer","0"
"R414","122.3750mm","14.2500mm","BottomLayer","0"
"R413","152.3750mm","18.2500mm","BottomLayer","0"
"R412","147.3750mm","18.2500mm","BottomLayer","0"
"R411","142.3750mm","18.2500mm","BottomLayer","0"
"R410","137.3750mm","18.2500mm","BottomLayer","0"
"R409","132.3750mm","18.2500mm","BottomLayer","0"
"R408","127.3750mm","18.2500mm","BottomLayer","0"
"R407","122.3750mm","18.2500mm","BottomLayer","0"
"R406","152.3750mm","22.2500mm","BottomLayer","0"
"R405","147.3750mm","22.2500mm","BottomLayer","0"
"R404","142.3750mm","22.2500mm","BottomLayer","0"
"R403","137.3750mm","22.2500mm","BottomLayer","0"
"R402","132.3750mm","22.2500mm","BottomLayer","0"
"R401","127.3750mm","22.2500mm","BottomLayer","0"
"R400","122.3750mm","22.2500mm","BottomLayer","0"
"R399","152.3750mm","26.2500mm","BottomLayer","0"
"R398","147.3750mm","26.2500mm","BottomLayer","0"
"R397","142.3750mm","26.2500mm","BottomLayer","0"
"R396","137.3750mm","26.2500mm","BottomLayer","0"
"R395","132.3750mm","26.2500mm","BottomLayer","0"
"R394","127.3750mm","26.2500mm","BottomLayer","0"
"R393","122.3750mm","26.2500mm","BottomLayer","0"
"R392","152.3750mm","30.2500mm","BottomLayer","0"
"R391","147.3750mm","30.2500mm","BottomLayer","0"
"R390","142.3750mm","30.2500mm","BottomLayer","0"
"R389","137.3750mm","30.2500mm","BottomLayer","0"
"R388","132.3750mm","30.2500mm","BottomLayer","0"
"R387","127.3750mm","30.2500mm","BottomLayer","0"
"R386","122.3750mm","30.2500mm","BottomLayer","0"
"R385","54.3750mm","14.2500mm","BottomLayer","0"
"R384","49.3750mm","14.2500mm","BottomLayer","0"
"R383","44.3750mm","14.2500mm","BottomLayer","0"
"R382","74.3750mm","18.2500mm","BottomLayer","0"
"R381","69.3750mm","18.2500mm","BottomLayer","0"
"R380","64.3750mm","18.2500mm","BottomLayer","0"
"R379","59.3750mm","18.2500mm","BottomLayer","0"
"R378","54.3750mm","18.2500mm","BottomLayer","0"
"R377","49.3750mm","18.2500mm","BottomLayer","0"
"R376","44.3750mm","18.2500mm","BottomLayer","0"
"R375","74.3750mm","22.2500mm","BottomLayer","0"
"R374","69.3750mm","22.2500mm","BottomLayer","0"
"R373","64.3750mm","22.2500mm","BottomLayer","0"
"R372","59.3750mm","22.2500mm","BottomLayer","0"
"R371","54.3750mm","22.2500mm","BottomLayer","0"
"R370","49.3750mm","22.2500mm","BottomLayer","0"
"R369","44.3750mm","22.2500mm","BottomLayer","0"
"R368","74.3750mm","26.2500mm","BottomLayer","0"
"R367","69.3750mm","26.2500mm","BottomLayer","0"
"R366","64.3750mm","26.2500mm","BottomLayer","0"
"R365","59.3750mm","26.2500mm","BottomLayer","0"
"R364","54.3750mm","26.2500mm","BottomLayer","0"
"R363","49.3750mm","26.2500mm","BottomLayer","0"
"R362","44.3750mm","26.2500mm","BottomLayer","0"
"R361","74.3750mm","30.2500mm","BottomLayer","0"
"R360","69.3750mm","30.2500mm","BottomLayer","0"
"R359","64.3750mm","30.2500mm","BottomLayer","0"
"R358","59.3750mm","30.2500mm","BottomLayer","0"
"R357","54.3750mm","30.2500mm","BottomLayer","0"
"R356","49.3750mm","30.2500mm","BottomLayer","0"
"R355","44.3750mm","30.2500mm","BottomLayer","0"
"R354","132.3750mm","57.2500mm","BottomLayer","0"
"R353","127.3750mm","57.2500mm","BottomLayer","0"
"R352","122.3750mm","57.2500mm","BottomLayer","0"
"R351","152.3750mm","61.2500mm","BottomLayer","0"
"R350","147.3750mm","61.2500mm","BottomLayer","0"
"R349","142.3750mm","61.2500mm","BottomLayer","0"
"R348","137.3750mm","61.2500mm","BottomLayer","0"
"R347","132.3750mm","61.2500mm","BottomLayer","0"
"R346","127.3750mm","61.2500mm","BottomLayer","0"
"R345","122.3750mm","61.2500mm","BottomLayer","0"
"R344","152.3750mm","65.2500mm","BottomLayer","0"
"R343","147.3750mm","65.2500mm","BottomLayer","0"
"R342","142.3750mm","65.2500mm","BottomLayer","0"
"R341","137.3750mm","65.2500mm","BottomLayer","0"
"R340","132.3750mm","65.2500mm","BottomLayer","0"
"R339","127.3750mm","65.2500mm","BottomLayer","0"
"R338","122.3750mm","65.2500mm","BottomLayer","0"
"R337","152.3750mm","69.2500mm","BottomLayer","0"
"R336","147.3750mm","69.2500mm","BottomLayer","0"
"R335","142.3750mm","69.2500mm","BottomLayer","0"
"R334","137.3750mm","69.2500mm","BottomLayer","0"
"R333","132.3750mm","69.2500mm","BottomLayer","0"
"R332","127.3750mm","69.2500mm","BottomLayer","0"
"R331","122.3750mm","69.2500mm","BottomLayer","0"
"R330","152.3750mm","73.2500mm","BottomLayer","0"
"R329","147.3750mm","73.2500mm","BottomLayer","0"
"R328","142.3750mm","73.2500mm","BottomLayer","0"
"R327","137.3750mm","73.2500mm","BottomLayer","0"
"R326","132.3750mm","73.2500mm","BottomLayer","0"
"R325","127.3750mm","73.2500mm","BottomLayer","0"
"R324","122.3750mm","73.2500mm","BottomLayer","0"
"R323","93.3750mm","57.2500mm","BottomLayer","0"
"R322","88.3750mm","57.2500mm","BottomLayer","0"
"R321","83.3750mm","57.2500mm","BottomLayer","0"
"R320","113.3750mm","61.2500mm","BottomLayer","0"
"R319","108.3750mm","61.2500mm","BottomLayer","0"
"R318","103.3750mm","61.2500mm","BottomLayer","0"
"R317","98.3750mm","61.2500mm","BottomLayer","0"
"R316","93.3750mm","61.2500mm","BottomLayer","0"
"R315","88.3750mm","61.2500mm","BottomLayer","0"
"R314","83.3750mm","61.2500mm","BottomLayer","0"
"R313","113.3750mm","65.2500mm","BottomLayer","0"
"R312","108.3750mm","65.2500mm","BottomLayer","0"
"R311","103.3750mm","65.2500mm","BottomLayer","0"
"R310","98.3750mm","65.2500mm","BottomLayer","0"
"R309","93.3750mm","65.2500mm","BottomLayer","0"
"R308","88.3750mm","65.2500mm","BottomLayer","0"
"R307","83.3750mm","65.2500mm","BottomLayer","0"
"R306","113.3750mm","69.2500mm","BottomLayer","0"
"R305","108.3750mm","69.2500mm","BottomLayer","0"
"R304","103.3750mm","69.2500mm","BottomLayer","0"
"R303","98.3750mm","69.2500mm","BottomLayer","0"
"R302","93.3750mm","69.2500mm","BottomLayer","0"
"R301","88.3750mm","69.2500mm","BottomLayer","0"
"R300","83.3750mm","69.2500mm","BottomLayer","0"
"R299","113.3750mm","73.2500mm","BottomLayer","0"
"R298","108.3750mm","73.2500mm","BottomLayer","0"
"R297","103.3750mm","73.2500mm","BottomLayer","0"
"R296","98.3750mm","73.2500mm","BottomLayer","0"
"R295","93.3750mm","73.2500mm","BottomLayer","0"
"R294","88.3750mm","73.2500mm","BottomLayer","0"
"R293","83.3750mm","73.2500mm","BottomLayer","0"
"R292","15.3750mm","57.2500mm","BottomLayer","0"
"R291","10.3750mm","57.2500mm","BottomLayer","0"
"R290","5.3750mm","57.2500mm","BottomLayer","0"
"R289","35.3750mm","61.2500mm","BottomLayer","0"
"R288","30.3750mm","61.2500mm","BottomLayer","0"
"R287","25.3750mm","61.2500mm","BottomLayer","0"
"R286","20.3750mm","61.2500mm","BottomLayer","0"
"R285","15.3750mm","61.2500mm","BottomLayer","0"
"R284","10.3750mm","61.2500mm","BottomLayer","0"
"R283","5.3750mm","61.2500mm","BottomLayer","0"
"R282","35.3750mm","65.2500mm","BottomLayer","0"
"R281","30.3750mm","65.2500mm","BottomLayer","0"
"R280","25.3750mm","65.2500mm","BottomLayer","0"
"R279","20.3750mm","65.2500mm","BottomLayer","0"
"R278","15.3750mm","65.2500mm","BottomLayer","0"
"R277","10.3750mm","65.2500mm","BottomLayer","0"
"R276","5.3750mm","65.2500mm","BottomLayer","0"
"R275","35.3750mm","69.2500mm","BottomLayer","0"
"R274","30.3750mm","69.2500mm","BottomLayer","0"
"R273","25.3750mm","69.2500mm","BottomLayer","0"
"R272","20.3750mm","69.2500mm","BottomLayer","0"
"R271","15.3750mm","69.2500mm","BottomLayer","0"
"R270","10.3750mm","69.2500mm","BottomLayer","0"
"R269","5.3750mm","69.2500mm","BottomLayer","0"
"R268","35.3750mm","73.2500mm","BottomLayer","0"
"R267","30.3750mm","73.2500mm","BottomLayer","0"
"R266","25.3750mm","73.2500mm","BottomLayer","0"
"R265","20.3750mm","73.2500mm","BottomLayer","0"
"R264","15.3750mm","73.2500mm","BottomLayer","0"
"R263","10.3750mm","73.2500mm","BottomLayer","0"
"R262","5.3750mm","73.2500mm","BottomLayer","0"
"R261","93.3750mm","100.2500mm","BottomLayer","0"
"R260","88.3750mm","100.2500mm","BottomLayer","0"
"R259","83.3750mm","100.2500mm","BottomLayer","0"
"R258","113.3750mm","104.2500mm","BottomLayer","0"
"R257","108.3750mm","104.2500mm","BottomLayer","0"
"R256","103.3750mm","104.2500mm","BottomLayer","0"
"R255","98.3750mm","104.2500mm","BottomLayer","0"
"R254","93.3750mm","104.2500mm","BottomLayer","0"
"R253","88.3750mm","104.2500mm","BottomLayer","0"
"R252","83.3750mm","104.2500mm","BottomLayer","0"
"R251","113.3750mm","108.2500mm","BottomLayer","0"
"R250","108.3750mm","108.2500mm","BottomLayer","0"
"R249","103.3750mm","108.2500mm","BottomLayer","0"
"R248","98.3750mm","108.2500mm","BottomLayer","0"
"R247","93.3750mm","108.2500mm","BottomLayer","0"
"R246","88.3750mm","108.2500mm","BottomLayer","0"
"R245","83.3750mm","108.2500mm","BottomLayer","0"
"R244","113.3750mm","112.2500mm","BottomLayer","0"
"R243","108.3750mm","112.2500mm","BottomLayer","0"
"R242","103.3750mm","112.2500mm","BottomLayer","0"
"R241","98.3750mm","112.2500mm","BottomLayer","0"
"R240","93.3750mm","112.2500mm","BottomLayer","0"
"R239","88.3750mm","112.2500mm","BottomLayer","0"
"R238","83.3750mm","112.2500mm","BottomLayer","0"
"R237","113.3750mm","116.2500mm","BottomLayer","0"
"R236","108.3750mm","116.2500mm","BottomLayer","0"
"R235","103.3750mm","116.2500mm","BottomLayer","0"
"R234","98.3750mm","116.2500mm","BottomLayer","0"
"R233","93.3750mm","116.2500mm","BottomLayer","0"
"R232","88.3750mm","116.2500mm","BottomLayer","0"
"R231","83.3750mm","116.2500mm","BottomLayer","0"
"R229","88.3750mm","14.2500mm","BottomLayer","0"
"R228","83.3750mm","14.2500mm","BottomLayer","0"
"R227","113.3750mm","18.2500mm","BottomLayer","0"
"R226","108.3750mm","18.2500mm","BottomLayer","0"
"R225","103.3750mm","18.2500mm","BottomLayer","0"
"R224","98.3750mm","18.2500mm","BottomLayer","0"
"R223","93.3750mm","18.2500mm","BottomLayer","0"
"R222","88.3750mm","18.2500mm","BottomLayer","0"
"R221","83.3750mm","18.2500mm","BottomLayer","0"
"R220","113.3750mm","22.2500mm","BottomLayer","0"
"R219","108.3750mm","22.2500mm","BottomLayer","0"
"R218","103.3750mm","22.2500mm","BottomLayer","0"
"R217","98.3750mm","22.2500mm","BottomLayer","0"
"R216","93.3750mm","22.2500mm","BottomLayer","0"
"R215","88.3750mm","22.2500mm","BottomLayer","0"
"R214","83.3750mm","22.2500mm","BottomLayer","0"
"R213","113.3750mm","26.2500mm","BottomLayer","0"
"R212","108.3750mm","26.2500mm","BottomLayer","0"
"R211","103.3750mm","26.2500mm","BottomLayer","0"
"R210","98.3750mm","26.2500mm","BottomLayer","0"
"R209","93.3750mm","26.2500mm","BottomLayer","0"
"R208","88.3750mm","26.2500mm","BottomLayer","0"
"R207","83.3750mm","26.2500mm","BottomLayer","0"
"R206","113.3750mm","30.2500mm","BottomLayer","0"
"R205","108.3750mm","30.2500mm","BottomLayer","0"
"R204","103.3750mm","30.2500mm","BottomLayer","0"
"R203","98.3750mm","30.2500mm","BottomLayer","0"
"R202","93.3750mm","30.2500mm","BottomLayer","0"
"R201","88.3750mm","30.2500mm","BottomLayer","0"
"R200","83.3750mm","30.2500mm","BottomLayer","0"
"R198","10.3750mm","14.2500mm","BottomLayer","0"
"R197","5.3750mm","14.2500mm","BottomLayer","0"
"R196","35.3750mm","18.2500mm","BottomLayer","0"
"R195","30.3750mm","18.2500mm","BottomLayer","0"
"R194","25.3750mm","18.2500mm","BottomLayer","0"
"R193","20.3750mm","18.2500mm","BottomLayer","0"
"R192","15.3750mm","18.2500mm","BottomLayer","0"
"R191","10.3750mm","18.2500mm","BottomLayer","0"
"R190","5.3750mm","18.2500mm","BottomLayer","0"
"R189","35.3750mm","22.2500mm","BottomLayer","0"
"R188","30.3750mm","22.2500mm","BottomLayer","0"
"R187","25.3750mm","22.2500mm","BottomLayer","0"
"R186","20.3750mm","22.2500mm","BottomLayer","0"
"R185","15.3750mm","22.2500mm","BottomLayer","0"
"R184","10.3750mm","22.2500mm","BottomLayer","0"
"R183","5.3750mm","22.2500mm","BottomLayer","0"
"R182","35.3750mm","26.2500mm","BottomLayer","0"
"R181","30.3750mm","26.2500mm","BottomLayer","0"
"R180","25.3750mm","26.2500mm","BottomLayer","0"
"R179","20.3750mm","26.2500mm","BottomLayer","0"
"R178","15.3750mm","26.2500mm","BottomLayer","0"
"R177","10.3750mm","26.2500mm","BottomLayer","0"
"R176","5.3750mm","26.2500mm","BottomLayer","0"
"R175","35.3750mm","30.2500mm","BottomLayer","0"
"R174","30.3750mm","30.2500mm","BottomLayer","0"
"R173","25.3750mm","30.2500mm","BottomLayer","0"
"R172","20.3750mm","30.2500mm","BottomLayer","0"
"R171","15.3750mm","30.2500mm","BottomLayer","0"
"R170","10.3750mm","30.2500mm","BottomLayer","0"
"R169","5.3750mm","30.2500mm","BottomLayer","0"
"R167","49.3750mm","57.2500mm","BottomLayer","0"
"R166","44.3750mm","57.2500mm","BottomLayer","0"
"R165","74.3750mm","61.2500mm","BottomLayer","0"
"R164","69.3750mm","61.2500mm","BottomLayer","0"
"R163","64.3750mm","61.2500mm","BottomLayer","0"
"R162","59.3750mm","61.2500mm","BottomLayer","0"
"R161","54.3750mm","61.2500mm","BottomLayer","0"
"R160","49.3750mm","61.2500mm","BottomLayer","0"
"R159","44.3750mm","61.2500mm","BottomLayer","0"
"R158","74.3750mm","65.2500mm","BottomLayer","0"
"R157","69.3750mm","65.2500mm","BottomLayer","0"
"R156","64.3750mm","65.2500mm","BottomLayer","0"
"R155","59.3750mm","65.2500mm","BottomLayer","0"
"R154","54.3750mm","65.2500mm","BottomLayer","0"
"R153","49.3750mm","65.2500mm","BottomLayer","0"
"R152","44.3750mm","65.2500mm","BottomLayer","0"
"R151","74.3750mm","69.2500mm","BottomLayer","0"
"R150","69.3750mm","69.2500mm","BottomLayer","0"
"R149","64.3750mm","69.2500mm","BottomLayer","0"
"R148","59.3750mm","69.2500mm","BottomLayer","0"
"R147","54.3750mm","69.2500mm","BottomLayer","0"
"R146","49.3750mm","69.2500mm","BottomLayer","0"
"R145","44.3750mm","69.2500mm","BottomLayer","0"
"R144","74.3750mm","73.2500mm","BottomLayer","0"
"R143","69.3750mm","73.2500mm","BottomLayer","0"
"R142","64.3750mm","73.2500mm","BottomLayer","0"
"R141","59.3750mm","73.2500mm","BottomLayer","0"
"R140","54.3750mm","73.2500mm","BottomLayer","0"
"R139","49.3750mm","73.2500mm","BottomLayer","0"
"R138","44.3750mm","73.2500mm","BottomLayer","0"
"R136","127.3750mm","100.2500mm","BottomLayer","0"
"R135","122.3750mm","100.2500mm","BottomLayer","0"
"R134","152.3750mm","104.2500mm","BottomLayer","0"
"R133","147.3750mm","104.2500mm","BottomLayer","0"
"R132","142.3750mm","104.2500mm","BottomLayer","0"
"R131","137.3750mm","104.2500mm","BottomLayer","0"
"R130","132.3750mm","104.2500mm","BottomLayer","0"
"R129","127.3750mm","104.2500mm","BottomLayer","0"
"R128","122.3750mm","104.2500mm","BottomLayer","0"
"R127","152.3750mm","108.2500mm","BottomLayer","0"
"R126","147.3750mm","108.2500mm","BottomLayer","0"
"R125","142.3750mm","108.2500mm","BottomLayer","0"
"R124","137.3750mm","108.2500mm","BottomLayer","0"
"R123","132.3750mm","108.2500mm","BottomLayer","0"
"R122","127.3750mm","108.2500mm","BottomLayer","0"
"R121","122.3750mm","108.2500mm","BottomLayer","0"
"R120","152.3750mm","112.2500mm","BottomLayer","0"
"R119","147.3750mm","112.2500mm","BottomLayer","0"
"R118","142.3750mm","112.2500mm","BottomLayer","0"
"R117","137.3750mm","112.2500mm","BottomLayer","0"
"R116","132.3750mm","112.2500mm","BottomLayer","0"
"R115","127.3750mm","112.2500mm","BottomLayer","0"
"R114","122.3750mm","112.2500mm","BottomLayer","0"
"R113","152.3750mm","116.2500mm","BottomLayer","0"
"R112","147.3750mm","116.2500mm","BottomLayer","0"
"R111","142.3750mm","116.2500mm","BottomLayer","0"
"R110","137.3750mm","116.2500mm","BottomLayer","0"
"R109","132.3750mm","116.2500mm","BottomLayer","0"
"R108","127.3750mm","116.2500mm","BottomLayer","0"
"R107","122.3750mm","116.2500mm","BottomLayer","0"
"R104","44.3750mm","100.2500mm","BottomLayer","0"
"R103","74.3750mm","104.2500mm","BottomLayer","0"
"R102","69.3750mm","104.2500mm","BottomLayer","0"
"R101","64.3750mm","104.2500mm","BottomLayer","0"
"R100","59.3750mm","104.2500mm","BottomLayer","0"
"R99","54.3750mm","104.2500mm","BottomLayer","0"
"R98","49.3750mm","104.2500mm","BottomLayer","0"
"R97","44.3750mm","104.2500mm","BottomLayer","0"
"R96","74.3750mm","108.2500mm","BottomLayer","0"
"R95","69.3750mm","108.2500mm","BottomLayer","0"
"R94","64.3750mm","108.2500mm","BottomLayer","0"
"R93","59.3750mm","108.2500mm","BottomLayer","0"
"R92","54.3750mm","108.2500mm","BottomLayer","0"
"R91","49.3750mm","108.2500mm","BottomLayer","0"
"R90","44.3750mm","108.2500mm","BottomLayer","0"
"R89","74.3750mm","112.2500mm","BottomLayer","0"
"R88","69.3750mm","112.2500mm","BottomLayer","0"
"R87","64.3750mm","112.2500mm","BottomLayer","0"
"R86","59.3750mm","112.2500mm","BottomLayer","0"
"R85","54.3750mm","112.2500mm","BottomLayer","0"
"R84","49.3750mm","112.2500mm","BottomLayer","0"
"R83","44.3750mm","112.2500mm","BottomLayer","0"
"R82","74.3750mm","116.2500mm","BottomLayer","0"
"R81","69.3750mm","116.2500mm","BottomLayer","0"
"R80","64.3750mm","116.2500mm","BottomLayer","0"
"R79","59.3750mm","116.2500mm","BottomLayer","0"
"R78","54.3750mm","116.2500mm","BottomLayer","0"
"R77","49.3750mm","116.2500mm","BottomLayer","0"
"R76","44.3750mm","116.2500mm","BottomLayer","0"
"R75","193.3500mm","22.7750mm","BottomLayer","90"
"R74","189.7000mm","26.6500mm","BottomLayer","0"
"R73","189.7250mm","21.8500mm","BottomLayer","0"
"R72","191.8500mm","19.4250mm","BottomLayer","270"
"R71","195.4250mm","20.3500mm","BottomLayer","180"
"R70","193.9750mm","25.1500mm","BottomLayer","0"
"R69","193.3500mm","29.0250mm","BottomLayer","270"
"R68","183.0500mm","22.7750mm","BottomLayer","90"
"R67","179.4000mm","26.6500mm","BottomLayer","0"
"R66","179.4250mm","21.8500mm","BottomLayer","0"
"R65","181.5500mm","19.4250mm","BottomLayer","270"
"R64","185.1250mm","20.3500mm","BottomLayer","180"
"R63","183.6750mm","25.1500mm","BottomLayer","0"
"R62","183.0500mm","29.0250mm","BottomLayer","270"
"R61","172.7500mm","22.7750mm","BottomLayer","90"
"R60","169.1000mm","26.6500mm","BottomLayer","0"
"R59","169.1250mm","21.8500mm","BottomLayer","0"
"R58","171.2500mm","19.4250mm","BottomLayer","270"
"R57","174.8250mm","20.3500mm","BottomLayer","180"
"R56","173.3750mm","25.1500mm","BottomLayer","0"
"R55","172.7500mm","29.0250mm","BottomLayer","270"
"R54","162.4500mm","22.7750mm","BottomLayer","90"
"R53","158.8000mm","26.6500mm","BottomLayer","0"
"R52","158.8250mm","21.8500mm","BottomLayer","0"
"R51","160.9500mm","19.4250mm","BottomLayer","270"
"R50","164.5250mm","20.3500mm","BottomLayer","180"
"R49","163.0750mm","25.1500mm","BottomLayer","0"
"R48","162.4500mm","29.0250mm","BottomLayer","270"
"D400","133.1000mm","13.5000mm","TopLayer","90"
"D399","128.1000mm","13.5000mm","TopLayer","90"
"D398","123.1000mm","13.5000mm","TopLayer","90"
"D397","153.1000mm","17.5000mm","TopLayer","90"
"D396","148.1000mm","17.5000mm","TopLayer","90"
"D395","143.1000mm","17.5000mm","TopLayer","90"
"D394","138.1000mm","17.5000mm","TopLayer","90"
"D393","133.1000mm","17.5000mm","TopLayer","90"
"D392","128.1000mm","17.5000mm","TopLayer","90"
"D391","123.1000mm","17.5000mm","TopLayer","90"
"D390","153.1000mm","21.5000mm","TopLayer","90"
"D389","148.1000mm","21.5000mm","TopLayer","90"
"D388","143.1000mm","21.5000mm","TopLayer","90"
"D387","138.1000mm","21.5000mm","TopLayer","90"
"D386","133.1000mm","21.5000mm","TopLayer","90"
"D385","128.1000mm","21.5000mm","TopLayer","90"
"D384","123.1000mm","21.5000mm","TopLayer","90"
"D383","153.1000mm","25.5000mm","TopLayer","90"
"D382","148.1000mm","25.5000mm","TopLayer","90"
"D381","143.1000mm","25.5000mm","TopLayer","90"
"D380","138.1000mm","25.5000mm","TopLayer","90"
"D379","133.1000mm","25.5000mm","TopLayer","90"
"D378","128.1000mm","25.5000mm","TopLayer","90"
"D377","123.1000mm","25.5000mm","TopLayer","90"
"D376","153.1000mm","29.5000mm","TopLayer","90"
"D375","148.1000mm","29.5000mm","TopLayer","90"
"D374","143.1000mm","29.5000mm","TopLayer","90"
"D373","138.1000mm","29.5000mm","TopLayer","90"
"D372","133.1000mm","29.5000mm","TopLayer","90"
"D371","128.1000mm","29.5000mm","TopLayer","90"
"D370","123.1000mm","29.5000mm","TopLayer","90"
"D369","55.1000mm","13.5000mm","TopLayer","90"
"D368","50.1000mm","13.5000mm","TopLayer","90"
"D367","45.1000mm","13.5000mm","TopLayer","90"
"D366","75.1000mm","17.5000mm","TopLayer","90"
"D365","70.1000mm","17.5000mm","TopLayer","90"
"D364","65.1000mm","17.5000mm","TopLayer","90"
"D363","60.1000mm","17.5000mm","TopLayer","90"
"D362","55.1000mm","17.5000mm","TopLayer","90"
"D361","50.1000mm","17.5000mm","TopLayer","90"
"D360","45.1000mm","17.5000mm","TopLayer","90"
"D359","75.1000mm","21.5000mm","TopLayer","90"
"D358","70.1000mm","21.5000mm","TopLayer","90"
"D357","65.1000mm","21.5000mm","TopLayer","90"
"D356","60.1000mm","21.5000mm","TopLayer","90"
"D355","55.1000mm","21.5000mm","TopLayer","90"
"D354","50.1000mm","21.5000mm","TopLayer","90"
"D353","45.1000mm","21.5000mm","TopLayer","90"
"D352","75.1000mm","25.5000mm","TopLayer","90"
"D351","70.1000mm","25.5000mm","TopLayer","90"
"D350","65.1000mm","25.5000mm","TopLayer","90"
"D349","60.1000mm","25.5000mm","TopLayer","90"
"D348","55.1000mm","25.5000mm","TopLayer","90"
"D347","50.1000mm","25.5000mm","TopLayer","90"
"D346","45.1000mm","25.5000mm","TopLayer","90"
"D345","75.1000mm","29.5000mm","TopLayer","90"
"D344","70.1000mm","29.5000mm","TopLayer","90"
"D343","65.1000mm","29.5000mm","TopLayer","90"
"D342","60.1000mm","29.5000mm","TopLayer","90"
"D341","55.1000mm","29.5000mm","TopLayer","90"
"D340","50.1000mm","29.5000mm","TopLayer","90"
"D339","45.1000mm","29.5000mm","TopLayer","90"
"D338","133.1000mm","56.5000mm","TopLayer","90"
"D337","128.1000mm","56.5000mm","TopLayer","90"
"D336","123.1000mm","56.5000mm","TopLayer","90"
"D335","153.1000mm","60.5000mm","TopLayer","90"
"D334","148.1000mm","60.5000mm","TopLayer","90"
"D333","143.1000mm","60.5000mm","TopLayer","90"
"D332","138.1000mm","60.5000mm","TopLayer","90"
"D331","133.1000mm","60.5000mm","TopLayer","90"
"D330","128.1000mm","60.5000mm","TopLayer","90"
"D329","123.1000mm","60.5000mm","TopLayer","90"
"D328","153.1000mm","64.5000mm","TopLayer","90"
"D327","148.1000mm","64.5000mm","TopLayer","90"
"D326","143.1000mm","64.5000mm","TopLayer","90"
"D325","138.1000mm","64.5000mm","TopLayer","90"
"D324","133.1000mm","64.5000mm","TopLayer","90"
"D323","128.1000mm","64.5000mm","TopLayer","90"
"D322","123.1000mm","64.5000mm","TopLayer","90"
"D321","153.1000mm","68.5000mm","TopLayer","90"
"D320","148.1000mm","68.5000mm","TopLayer","90"
"D319","143.1000mm","68.5000mm","TopLayer","90"
"D318","138.1000mm","68.5000mm","TopLayer","90"
"D317","133.1000mm","68.5000mm","TopLayer","90"
"D316","128.1000mm","68.5000mm","TopLayer","90"
"D315","123.1000mm","68.5000mm","TopLayer","90"
"D314","153.1000mm","72.5000mm","TopLayer","90"
"D313","148.1000mm","72.5000mm","TopLayer","90"
"D312","143.1000mm","72.5000mm","TopLayer","90"
"D311","138.1000mm","72.5000mm","TopLayer","90"
"D310","133.1000mm","72.5000mm","TopLayer","90"
"D309","128.1000mm","72.5000mm","TopLayer","90"
"D308","123.1000mm","72.5000mm","TopLayer","90"
"D307","94.1000mm","56.5000mm","TopLayer","90"
"D306","89.1000mm","56.5000mm","TopLayer","90"
"D305","84.1000mm","56.5000mm","TopLayer","90"
"D304","114.1000mm","60.5000mm","TopLayer","90"
"D303","109.1000mm","60.5000mm","TopLayer","90"
"D302","104.1000mm","60.5000mm","TopLayer","90"
"D301","99.1000mm","60.5000mm","TopLayer","90"
"D300","94.1000mm","60.5000mm","TopLayer","90"
"D299","89.1000mm","60.5000mm","TopLayer","90"
"D298","84.1000mm","60.5000mm","TopLayer","90"
"D297","114.1000mm","64.5000mm","TopLayer","90"
"D296","109.1000mm","64.5000mm","TopLayer","90"
"D295","104.1000mm","64.5000mm","TopLayer","90"
"D294","99.1000mm","64.5000mm","TopLayer","90"
"D293","94.1000mm","64.5000mm","TopLayer","90"
"D292","89.1000mm","64.5000mm","TopLayer","90"
"D291","84.1000mm","64.5000mm","TopLayer","90"
"D290","114.1000mm","68.5000mm","TopLayer","90"
"D289","109.1000mm","68.5000mm","TopLayer","90"
"D288","104.1000mm","68.5000mm","TopLayer","90"
"D287","99.1000mm","68.5000mm","TopLayer","90"
"D286","94.1000mm","68.5000mm","TopLayer","90"
"D285","89.1000mm","68.5000mm","TopLayer","90"
"D284","84.1000mm","68.5000mm","TopLayer","90"
"D283","114.1000mm","72.5000mm","TopLayer","90"
"D282","109.1000mm","72.5000mm","TopLayer","90"
"D281","104.1000mm","72.5000mm","TopLayer","90"
"D280","99.1000mm","72.5000mm","TopLayer","90"
"D279","94.1000mm","72.5000mm","TopLayer","90"
"D278","89.1000mm","72.5000mm","TopLayer","90"
"D277","84.1000mm","72.5000mm","TopLayer","90"
"D276","16.1000mm","56.5000mm","TopLayer","90"
"D275","11.1000mm","56.5000mm","TopLayer","90"
"D274","6.1000mm","56.5000mm","TopLayer","90"
"D273","36.1000mm","60.5000mm","TopLayer","90"
"D272","31.1000mm","60.5000mm","TopLayer","90"
"D271","26.1000mm","60.5000mm","TopLayer","90"
"D270","21.1000mm","60.5000mm","TopLayer","90"
"D269","16.1000mm","60.5000mm","TopLayer","90"
"D268","11.1000mm","60.5000mm","TopLayer","90"
"D267","6.1000mm","60.5000mm","TopLayer","90"
"D266","36.1000mm","64.5000mm","TopLayer","90"
"D265","31.1000mm","64.5000mm","TopLayer","90"
"D264","26.1000mm","64.5000mm","TopLayer","90"
"D263","21.1000mm","64.5000mm","TopLayer","90"
"D262","16.1000mm","64.5000mm","TopLayer","90"
"D261","11.1000mm","64.5000mm","TopLayer","90"
"D260","6.1000mm","64.5000mm","TopLayer","90"
"D259","36.1000mm","68.5000mm","TopLayer","90"
"D258","31.1000mm","68.5000mm","TopLayer","90"
"D257","26.1000mm","68.5000mm","TopLayer","90"
"D256","21.1000mm","68.5000mm","TopLayer","90"
"D255","16.1000mm","68.5000mm","TopLayer","90"
"D254","11.1000mm","68.5000mm","TopLayer","90"
"D253","6.1000mm","68.5000mm","TopLayer","90"
"D252","36.1000mm","72.5000mm","TopLayer","90"
"D251","31.1000mm","72.5000mm","TopLayer","90"
"D250","26.1000mm","72.5000mm","TopLayer","90"
"D249","21.1000mm","72.5000mm","TopLayer","90"
"D248","16.1000mm","72.5000mm","TopLayer","90"
"D247","11.1000mm","72.5000mm","TopLayer","90"
"D246","6.1000mm","72.5000mm","TopLayer","90"
"D245","94.1000mm","99.5000mm","TopLayer","90"
"D244","89.1000mm","99.5000mm","TopLayer","90"
"D243","84.1000mm","99.5000mm","TopLayer","90"
"D242","114.1000mm","103.5000mm","TopLayer","90"
"D241","109.1000mm","103.5000mm","TopLayer","90"
"D240","104.1000mm","103.5000mm","TopLayer","90"
"D239","99.1000mm","103.5000mm","TopLayer","90"
"D238","94.1000mm","103.5000mm","TopLayer","90"
"D237","89.1000mm","103.5000mm","TopLayer","90"
"D236","84.1000mm","103.5000mm","TopLayer","90"
"D235","114.1000mm","107.5000mm","TopLayer","90"
"D234","109.1000mm","107.5000mm","TopLayer","90"
"D233","104.1000mm","107.5000mm","TopLayer","90"
"D232","99.1000mm","107.5000mm","TopLayer","90"
"D231","94.1000mm","107.5000mm","TopLayer","90"
"D230","89.1000mm","107.5000mm","TopLayer","90"
"D229","84.1000mm","107.5000mm","TopLayer","90"
"D228","114.1000mm","111.5000mm","TopLayer","90"
"D227","109.1000mm","111.5000mm","TopLayer","90"
"D226","104.1000mm","111.5000mm","TopLayer","90"
"D225","99.1000mm","111.5000mm","TopLayer","90"
"D224","94.1000mm","111.5000mm","TopLayer","90"
"D223","89.1000mm","111.5000mm","TopLayer","90"
"D222","84.1000mm","111.5000mm","TopLayer","90"
"D221","114.1000mm","115.5000mm","TopLayer","90"
"D220","109.1000mm","115.5000mm","TopLayer","90"
"D219","104.1000mm","115.5000mm","TopLayer","90"
"D218","99.1000mm","115.5000mm","TopLayer","90"
"D217","94.1000mm","115.5000mm","TopLayer","90"
"D216","89.1000mm","115.5000mm","TopLayer","90"
"D215","84.1000mm","115.5000mm","TopLayer","90"
"D213","89.1000mm","13.5000mm","TopLayer","90"
"D212","84.1000mm","13.5000mm","TopLayer","90"
"D211","114.1000mm","17.5000mm","TopLayer","90"
"D210","109.1000mm","17.5000mm","TopLayer","90"
"D209","104.1000mm","17.5000mm","TopLayer","90"
"D208","99.1000mm","17.5000mm","TopLayer","90"
"D207","94.1000mm","17.5000mm","TopLayer","90"
"D206","89.1000mm","17.5000mm","TopLayer","90"
"D205","84.1000mm","17.5000mm","TopLayer","90"
"D204","114.1000mm","21.5000mm","TopLayer","90"
"D203","109.1000mm","21.5000mm","TopLayer","90"
"D202","104.1000mm","21.5000mm","TopLayer","90"
"D201","99.1000mm","21.5000mm","TopLayer","90"
"D200","94.1000mm","21.5000mm","TopLayer","90"
"D199","89.1000mm","21.5000mm","TopLayer","90"
"D198","84.1000mm","21.5000mm","TopLayer","90"
"D197","114.1000mm","25.5000mm","TopLayer","90"
"D196","109.1000mm","25.5000mm","TopLayer","90"
"D195","104.1000mm","25.5000mm","TopLayer","90"
"D194","99.1000mm","25.5000mm","TopLayer","90"
"D193","94.1000mm","25.5000mm","TopLayer","90"
"D192","89.1000mm","25.5000mm","TopLayer","90"
"D191","84.1000mm","25.5000mm","TopLayer","90"
"D190","114.1000mm","29.5000mm","TopLayer","90"
"D189","109.1000mm","29.5000mm","TopLayer","90"
"D188","104.1000mm","29.5000mm","TopLayer","90"
"D187","99.1000mm","29.5000mm","TopLayer","90"
"D186","94.1000mm","29.5000mm","TopLayer","90"
"D185","89.1000mm","29.5000mm","TopLayer","90"
"D184","84.1000mm","29.5000mm","TopLayer","90"
"D182","11.1000mm","13.5000mm","TopLayer","90"
"D181","6.1000mm","13.5000mm","TopLayer","90"
"D180","36.1000mm","17.5000mm","TopLayer","90"
"D179","31.1000mm","17.5000mm","TopLayer","90"
"D178","26.1000mm","17.5000mm","TopLayer","90"
"D177","21.1000mm","17.5000mm","TopLayer","90"
"D176","16.1000mm","17.5000mm","TopLayer","90"
"D175","11.1000mm","17.5000mm","TopLayer","90"
"D174","6.1000mm","17.5000mm","TopLayer","90"
"D173","36.1000mm","21.5000mm","TopLayer","90"
"D172","31.1000mm","21.5000mm","TopLayer","90"
"D171","26.1000mm","21.5000mm","TopLayer","90"
"D170","21.1000mm","21.5000mm","TopLayer","90"
"D169","16.1000mm","21.5000mm","TopLayer","90"
"D168","11.1000mm","21.5000mm","TopLayer","90"
"D167","6.1000mm","21.5000mm","TopLayer","90"
"D166","36.1000mm","25.5000mm","TopLayer","90"
"D165","31.1000mm","25.5000mm","TopLayer","90"
"D164","26.1000mm","25.5000mm","TopLayer","90"
"D163","21.1000mm","25.5000mm","TopLayer","90"
"D162","16.1000mm","25.5000mm","TopLayer","90"
"D161","11.1000mm","25.5000mm","TopLayer","90"
"D160","6.1000mm","25.5000mm","TopLayer","90"
"D159","36.1000mm","29.5000mm","TopLayer","90"
"D158","31.1000mm","29.5000mm","TopLayer","90"
"D157","26.1000mm","29.5000mm","TopLayer","90"
"D156","21.1000mm","29.5000mm","TopLayer","90"
"D155","16.1000mm","29.5000mm","TopLayer","90"
"D154","11.1000mm","29.5000mm","TopLayer","90"
"D153","6.1000mm","29.5000mm","TopLayer","90"
"D151","50.1000mm","56.5000mm","TopLayer","90"
"D150","45.1000mm","56.5000mm","TopLayer","90"
"D149","75.1000mm","60.5000mm","TopLayer","90"
"D148","70.1000mm","60.5000mm","TopLayer","90"
"D147","65.1000mm","60.5000mm","TopLayer","90"
"D146","60.1000mm","60.5000mm","TopLayer","90"
"D145","55.1000mm","60.5000mm","TopLayer","90"
"D144","50.1000mm","60.5000mm","TopLayer","90"
"D143","45.1000mm","60.5000mm","TopLayer","90"
"D142","75.1000mm","64.5000mm","TopLayer","90"
"D141","70.1000mm","64.5000mm","TopLayer","90"
"D140","65.1000mm","64.5000mm","TopLayer","90"
"D139","60.1000mm","64.5000mm","TopLayer","90"
"D138","55.1000mm","64.5000mm","TopLayer","90"
"D137","50.1000mm","64.5000mm","TopLayer","90"
"D136","45.1000mm","64.5000mm","TopLayer","90"
"D135","75.1000mm","68.5000mm","TopLayer","90"
"D134","70.1000mm","68.5000mm","TopLayer","90"
"D133","65.1000mm","68.5000mm","TopLayer","90"
"D132","60.1000mm","68.5000mm","TopLayer","90"
"D131","55.1000mm","68.5000mm","TopLayer","90"
"D130","50.1000mm","68.5000mm","TopLayer","90"
"D129","45.1000mm","68.5000mm","TopLayer","90"
"D128","75.1000mm","72.5000mm","TopLayer","90"
"D127","70.1000mm","72.5000mm","TopLayer","90"
"D126","65.1000mm","72.5000mm","TopLayer","90"
"D125","60.1000mm","72.5000mm","TopLayer","90"
"D124","55.1000mm","72.5000mm","TopLayer","90"
"D123","50.1000mm","72.5000mm","TopLayer","90"
"D122","45.1000mm","72.5000mm","TopLayer","90"
"D120","128.1000mm","99.5000mm","TopLayer","90"
"D119","123.1000mm","99.5000mm","TopLayer","90"
"D118","153.1000mm","103.5000mm","TopLayer","90"
"D117","148.1000mm","103.5000mm","TopLayer","90"
"D116","143.1000mm","103.5000mm","TopLayer","90"
"D115","138.1000mm","103.5000mm","TopLayer","90"
"D114","133.1000mm","103.5000mm","TopLayer","90"
"D113","128.1000mm","103.5000mm","TopLayer","90"
"D112","123.1000mm","103.5000mm","TopLayer","90"
"D111","153.1000mm","107.5000mm","TopLayer","90"
"D110","148.1000mm","107.5000mm","TopLayer","90"
"D109","143.1000mm","107.5000mm","TopLayer","90"
"D108","138.1000mm","107.5000mm","TopLayer","90"
"D107","133.1000mm","107.5000mm","TopLayer","90"
"D106","128.1000mm","107.5000mm","TopLayer","90"
"D105","123.1000mm","107.5000mm","TopLayer","90"
"D104","153.1000mm","111.5000mm","TopLayer","90"
"D103","148.1000mm","111.5000mm","TopLayer","90"
"D102","143.1000mm","111.5000mm","TopLayer","90"
"D101","138.1000mm","111.5000mm","TopLayer","90"
"D100","133.1000mm","111.5000mm","TopLayer","90"
"D99","128.1000mm","111.5000mm","TopLayer","90"
"D98","123.1000mm","111.5000mm","TopLayer","90"
"D97","153.1000mm","115.5000mm","TopLayer","90"
"D96","148.1000mm","115.5000mm","TopLayer","90"
"D95","143.1000mm","115.5000mm","TopLayer","90"
"D94","138.1000mm","115.5000mm","TopLayer","90"
"D93","133.1000mm","115.5000mm","TopLayer","90"
"D92","128.1000mm","115.5000mm","TopLayer","90"
"D91","123.1000mm","115.5000mm","TopLayer","90"
"D88","45.1000mm","99.5000mm","TopLayer","90"
"D87","75.1000mm","103.5000mm","TopLayer","90"
"D86","70.1000mm","103.5000mm","TopLayer","90"
"D85","65.1000mm","103.5000mm","TopLayer","90"
"D84","60.1000mm","103.5000mm","TopLayer","90"
"D83","55.1000mm","103.5000mm","TopLayer","90"
"D82","50.1000mm","103.5000mm","TopLayer","90"
"D81","45.1000mm","103.5000mm","TopLayer","90"
"D80","75.1000mm","107.5000mm","TopLayer","90"
"D79","70.1000mm","107.5000mm","TopLayer","90"
"D78","65.1000mm","107.5000mm","TopLayer","90"
"D77","60.1000mm","107.5000mm","TopLayer","90"
"D76","55.1000mm","107.5000mm","TopLayer","90"
"D75","50.1000mm","107.5000mm","TopLayer","90"
"D74","45.1000mm","107.5000mm","TopLayer","90"
"D73","75.1000mm","111.5000mm","TopLayer","90"
"D72","70.1000mm","111.5000mm","TopLayer","90"
"D71","65.1000mm","111.5000mm","TopLayer","90"
"D70","60.1000mm","111.5000mm","TopLayer","90"
"D69","55.1000mm","111.5000mm","TopLayer","90"
"D68","50.1000mm","111.5000mm","TopLayer","90"
"D67","45.1000mm","111.5000mm","TopLayer","90"
"D66","75.1000mm","115.5000mm","TopLayer","90"
"D65","70.1000mm","115.5000mm","TopLayer","90"
"D64","65.1000mm","115.5000mm","TopLayer","90"
"D63","60.1000mm","115.5000mm","TopLayer","90"
"D62","55.1000mm","115.5000mm","TopLayer","90"
"D61","50.1000mm","115.5000mm","TopLayer","90"
"D60","45.1000mm","115.5000mm","TopLayer","90"
"D59","192.6000mm","23.5000mm","TopLayer","0"
"D58","190.4250mm","25.9000mm","TopLayer","90"
"D57","190.4500mm","21.1000mm","TopLayer","90"
"D56","192.6000mm","18.7000mm","TopLayer","180"
"D55","194.7000mm","21.1000mm","TopLayer","270"
"D54","194.7000mm","25.9000mm","TopLayer","270"
"D53","192.6000mm","28.3000mm","TopLayer","0"
"D52","182.3000mm","23.5000mm","TopLayer","0"
"D51","180.1250mm","25.9000mm","TopLayer","90"
"D50","180.1500mm","21.1000mm","TopLayer","90"
"D49","182.3000mm","18.7000mm","TopLayer","180"
"D48","184.4000mm","21.1000mm","TopLayer","270"
"D47","184.4000mm","25.9000mm","TopLayer","270"
"D46","182.3000mm","28.3000mm","TopLayer","0"
"D45","172.0000mm","23.5000mm","TopLayer","0"
"D44","169.8250mm","25.9000mm","TopLayer","90"
"D43","169.8500mm","21.1000mm","TopLayer","90"
"D42","172.0000mm","18.7000mm","TopLayer","180"
"D41","174.1000mm","21.1000mm","TopLayer","270"
"D40","174.1000mm","25.9000mm","TopLayer","270"
"D39","172.0000mm","28.3000mm","TopLayer","0"
"D38","161.7000mm","23.5000mm","TopLayer","0"
"D37","159.5250mm","25.9000mm","TopLayer","90"
"D36","159.5500mm","21.1000mm","TopLayer","90"
"D35","161.7000mm","18.7000mm","TopLayer","180"
"D34","163.8000mm","21.1000mm","TopLayer","270"
"D33","163.8000mm","25.9000mm","TopLayer","270"
"D32","161.7000mm","28.3000mm","TopLayer","0"
"C69","140.0000mm","4.8250mm","BottomLayer","270"
"C68","121.0000mm","4.8250mm","BottomLayer","270"
"C67","133.0000mm","38.0750mm","BottomLayer","90"
"C66","152.0000mm","38.0750mm","BottomLayer","90"
"C65","62.0000mm","4.8250mm","BottomLayer","270"
"C64","43.0000mm","4.8250mm","BottomLayer","270"
"C63","55.0000mm","38.0750mm","BottomLayer","90"
"C62","74.0000mm","38.0750mm","BottomLayer","90"
"C61","140.0000mm","47.8250mm","BottomLayer","270"
"C60","121.0000mm","47.8250mm","BottomLayer","270"
"C59","133.0000mm","81.0750mm","BottomLayer","90"
"C58","152.0000mm","81.0750mm","BottomLayer","90"
"C57","101.0000mm","47.8250mm","BottomLayer","270"
"C56","82.0000mm","47.8250mm","BottomLayer","270"
"C55","94.0000mm","81.0750mm","BottomLayer","90"
"C54","113.0000mm","81.0750mm","BottomLayer","90"
"C53","23.0000mm","47.8250mm","BottomLayer","270"
"C52","4.0000mm","47.8250mm","BottomLayer","270"
"C51","16.0000mm","81.0750mm","BottomLayer","90"
"C50","35.0000mm","81.0750mm","BottomLayer","90"
"C49","101.0000mm","90.8250mm","BottomLayer","270"
"C48","82.0000mm","90.8250mm","BottomLayer","270"
"C47","94.0000mm","124.0750mm","BottomLayer","90"
"C46","113.0000mm","124.0750mm","BottomLayer","90"
"C45","101.0000mm","4.8250mm","BottomLayer","270"
"C44","82.0000mm","4.8250mm","BottomLayer","270"
"C43","94.0000mm","38.0750mm","BottomLayer","90"
"C42","113.0000mm","38.0750mm","BottomLayer","90"
"C41","23.0000mm","4.8250mm","BottomLayer","270"
"C40","4.0000mm","4.8250mm","BottomLayer","270"
"C39","16.0000mm","38.0750mm","BottomLayer","90"
"C38","35.0000mm","38.0750mm","BottomLayer","90"
"C37","62.0000mm","47.8250mm","BottomLayer","270"
"C36","43.0000mm","47.8250mm","BottomLayer","270"
"C35","55.0000mm","81.0750mm","BottomLayer","90"
"C34","74.0000mm","81.0750mm","BottomLayer","90"
"C33","140.0000mm","90.8250mm","BottomLayer","270"
"C32","121.0000mm","90.8250mm","BottomLayer","270"
"C31","133.0000mm","124.0750mm","BottomLayer","90"
"C30","152.0000mm","124.0750mm","BottomLayer","90"
"C29","62.0000mm","90.8250mm","BottomLayer","270"
"C28","43.0000mm","90.8250mm","BottomLayer","270"
"C27","55.0000mm","124.0750mm","BottomLayer","90"
"C26","74.0000mm","124.0750mm","BottomLayer","90"
"C25","194.6750mm","31.4000mm","BottomLayer","0"
"C24","184.3750mm","31.4000mm","BottomLayer","0"
"C23","174.0750mm","31.4000mm","BottomLayer","0"
"C22","163.7750mm","31.4000mm","BottomLayer","0"
"U6","29.0000mm","93.0000mm","BottomLayer","0"
"U5","10.0000mm","93.0000mm","BottomLayer","0"
"U4","10.0000mm","122.0000mm","BottomLayer","180"
"U3","29.0000mm","122.0000mm","BottomLayer","180"
"U1","187.4000mm","94.2000mm","BottomLayer","0"
"S2","182.0000mm","78.0000mm","BottomLayer","270"
"S1","193.0000mm","78.0000mm","BottomLayer","90"
"R47","15.3750mm","100.2500mm","BottomLayer","0"
"R46","10.3750mm","100.2500mm","BottomLayer","0"
"R45","5.3750mm","100.2500mm","BottomLayer","0"
"R44","35.3750mm","104.2500mm","BottomLayer","0"
"R43","30.3750mm","104.2500mm","BottomLayer","0"
"R42","25.3750mm","104.2500mm","BottomLayer","0"
"R41","20.3750mm","104.2500mm","BottomLayer","0"
"R40","15.3750mm","104.2500mm","BottomLayer","0"
"R39","10.3750mm","104.2500mm","BottomLayer","0"
"R38","5.3750mm","104.2500mm","BottomLayer","0"
"R37","35.3750mm","108.2500mm","BottomLayer","0"
"R36","30.3750mm","108.2500mm","BottomLayer","0"
"R35","25.3750mm","108.2500mm","BottomLayer","0"
"R34","20.3750mm","108.2500mm","BottomLayer","0"
"R33","15.3750mm","108.2500mm","BottomLayer","0"
"R32","10.3750mm","108.2500mm","BottomLayer","0"
"R31","5.3750mm","108.2500mm","BottomLayer","0"
"R30","35.3750mm","112.2500mm","BottomLayer","0"
"R29","30.3750mm","112.2500mm","BottomLayer","0"
"R28","25.3750mm","112.2500mm","BottomLayer","0"
"R27","20.3750mm","112.2500mm","BottomLayer","0"
"R26","15.3750mm","112.2500mm","BottomLayer","0"
"R25","10.3750mm","112.2500mm","BottomLayer","0"
"R24","5.3750mm","112.2500mm","BottomLayer","0"
"R23","35.3750mm","116.2500mm","BottomLayer","0"
"R22","30.3750mm","116.2500mm","BottomLayer","0"
"R21","25.3750mm","116.2500mm","BottomLayer","0"
"R20","20.3750mm","116.2500mm","BottomLayer","0"
"R19","15.3750mm","116.2500mm","BottomLayer","0"
"R18","10.3750mm","116.2500mm","BottomLayer","0"
"R17","5.3750mm","116.2500mm","BottomLayer","0"
"R16","176.0000mm","16.0000mm","BottomLayer","0"
"R15","176.0000mm","13.5000mm","BottomLayer","180"
"R14","188.4000mm","98.1000mm","BottomLayer","180"
"R13","187.3000mm","85.9000mm","BottomLayer","0"
"R12","167.1000mm","105.0000mm","BottomLayer","0"
"R11","187.5000mm","117.0000mm","BottomLayer","180"
"R10","180.7000mm","84.1000mm","BottomLayer","90"
"R9","187.5000mm","113.0000mm","BottomLayer","180"
"R8","194.3000mm","84.1000mm","BottomLayer","90"
"R7","196.4000mm","83.3000mm","BottomLayer","0"
"R6","167.1000mm","107.0000mm","BottomLayer","0"
"R5","187.3000mm","83.9000mm","BottomLayer","180"
"R4","167.1000mm","109.0000mm","BottomLayer","0"
"R3","189.8000mm","113.0000mm","BottomLayer","90"
"R2","189.8000mm","115.7000mm","BottomLayer","90"
"R1","197.3500mm","116.1500mm","BottomLayer","90"
"QL1","196.8000mm","115.1000mm","TopLayer","270"
"Q2","184.0000mm","84.9000mm","BottomLayer","270"
"Q1","190.6000mm","84.9000mm","BottomLayer","90"
"P1","191.5750mm","10.6000mm","BottomLayer","270"
"MOD1","177.3000mm","109.4000mm","BottomLayer","180"
"J1","195.9289mm","94.1000mm","BottomLayer","270"
"D31","16.1000mm","99.5000mm","TopLayer","90"
"D30","11.1000mm","99.5000mm","TopLayer","90"
"D29","6.1000mm","99.5000mm","TopLayer","90"
"D28","36.1000mm","103.5000mm","TopLayer","90"
"D27","31.1000mm","103.5000mm","TopLayer","90"
"D26","26.1000mm","103.5000mm","TopLayer","90"
"D25","21.1000mm","103.5000mm","TopLayer","90"
"D24","16.1000mm","103.5000mm","TopLayer","90"
"D23","11.1000mm","103.5000mm","TopLayer","90"
"D22","6.1000mm","103.5000mm","TopLayer","90"
"D21","36.1000mm","107.5000mm","TopLayer","90"
"D20","31.1000mm","107.5000mm","TopLayer","90"
"D19","26.1000mm","107.5000mm","TopLayer","90"
"D18","21.1000mm","107.5000mm","TopLayer","90"
"D17","16.1000mm","107.5000mm","TopLayer","90"
"D16","11.1000mm","107.5000mm","TopLayer","90"
"D15","6.1000mm","107.5000mm","TopLayer","90"
"D14","36.1000mm","111.5000mm","TopLayer","90"
"D13","31.1000mm","111.5000mm","TopLayer","90"
"D12","26.1000mm","111.5000mm","TopLayer","90"
"D11","21.1000mm","111.5000mm","TopLayer","90"
"D10","16.1000mm","111.5000mm","TopLayer","90"
"D9","11.1000mm","111.5000mm","TopLayer","90"
"D8","6.1000mm","111.5000mm","TopLayer","90"
"D7","36.1000mm","115.5000mm","TopLayer","90"
"D6","31.1000mm","115.5000mm","TopLayer","90"
"D5","26.1000mm","115.5000mm","TopLayer","90"
"D4","21.1000mm","115.5000mm","TopLayer","90"
"D3","16.1000mm","115.5000mm","TopLayer","90"
"D2","11.1000mm","115.5000mm","TopLayer","90"
"D1","6.1000mm","115.5000mm","TopLayer","90"
"C21","23.0000mm","90.8250mm","BottomLayer","270"
"C20","4.0000mm","90.8250mm","BottomLayer","270"
"C19","16.0000mm","124.0750mm","BottomLayer","90"
"C18","35.0000mm","124.0750mm","BottomLayer","90"
"C17","163.7000mm","8.0000mm","BottomLayer","90"
"C16","166.2000mm","8.0000mm","BottomLayer","90"
"C15","168.7000mm","8.0000mm","BottomLayer","90"
"C14","171.2000mm","8.0000mm","BottomLayer","90"
"C13","176.8000mm","5.2000mm","BottomLayer","270"
"C12","176.0000mm","14.7500mm","BottomLayer","0"
"C11","179.1000mm","13.9000mm","BottomLayer","90"
"C10","183.5000mm","14.5000mm","BottomLayer","90"
"C9","181.0000mm","14.5000mm","BottomLayer","90"
"C8","181.0000mm","6.7000mm","BottomLayer","270"
"C7","183.5000mm","6.7000mm","BottomLayer","270"
"C6","183.7000mm","98.1000mm","BottomLayer","90"
"C5","182.1000mm","98.4000mm","BottomLayer","90"
"C4","187.5000mm","118.3000mm","BottomLayer","0"
"C3","186.9000mm","102.2000mm","BottomLayer","270"
"C2","188.2000mm","102.2000mm","BottomLayer","270"
"C1","189.9000mm","102.1000mm","BottomLayer","270"
